,precision,recall,f1-score,support
Normal,1.000000,0.989333,0.994638,1500.000000
BPFI,1.000000,1.000000,1.000000,300.000000
BPFO,1.000000,1.000000,1.000000,300.000000
Misalign,1.000000,1.000000,1.000000,600.000000
Unbalance,0.974026,1.000000,0.986842,600.000000
Ball,0.000000,0.000000,0.000000,0.000000
accuracy,0.995152,0.995152,0.995152,0.995152
macro avg,0.829004,0.831556,0.830247,3300.000000
weighted avg,0.995277,0.995152,0.995170,3300.000000
