{
  "domain": "4Nm",
  "mean_accuracy": 0.9993333333333332,
  "std_accuracy": 0.000333333333333341,
  "fold_accuracies": [
    0.9991666666666666,
    1.0,
    0.9991666666666666,
    0.9991666666666666,
    0.9991666666666666
  ],
  "model_paths": [
    "../Models/domain_4Nm\\model_4Nm_fold_1.h5",
    "../Models/domain_4Nm\\model_4Nm_fold_2.h5",
    "../Models/domain_4Nm\\model_4Nm_fold_3.h5",
    "../Models/domain_4Nm\\model_4Nm_fold_4.h5",
    "../Models/domain_4Nm\\model_4Nm_fold_5.h5"
  ]
}