,precision,recall,f1-score,support
Normal,1.000000,0.633333,0.775510,1500.000000
BPFI,1.000000,1.000000,1.000000,300.000000
BPFO,1.000000,1.000000,1.000000,300.000000
Misalign,1.000000,1.000000,1.000000,600.000000
Unbalance,0.521739,1.000000,0.685714,600.000000
Ball,0.000000,0.000000,0.000000,0.000000
accuracy,0.833333,0.833333,0.833333,0.833333
macro avg,0.753623,0.772222,0.743537,3300.000000
weighted avg,0.913043,0.833333,0.840816,3300.000000
