,precision,recall,f1-score,support
Normal,1.000000,0.556000,0.714653,1500.000000
BPFI,1.000000,1.000000,1.000000,300.000000
BPFO,1.000000,1.000000,1.000000,300.000000
Misalign,1.000000,0.993333,0.996656,600.000000
Unbalance,0.472813,1.000000,0.642055,600.000000
Ball,0.000000,0.000000,0.000000,0.000000
accuracy,0.796970,0.796970,0.796970,0.796970
macro avg,0.745469,0.758222,0.725561,3300.000000
weighted avg,0.904148,0.796970,0.804608,3300.000000
