,precision,recall,f1-score,support
0,0.9862542955326461,0.9795221843003413,0.9828767123287672,293.0
1,1.0,1.0,1.0,70.0
2,1.0,1.0,1.0,52.0
3,1.0,1.0,1.0,107.0
4,0.9571428571428572,0.9710144927536232,0.9640287769784173,138.0
accuracy,0.9848484848484849,0.9848484848484849,0.9848484848484849,0.9848484848484849
macro avg,0.9886794305351007,0.9901073354107929,0.9893810978614368,660.0
weighted avg,0.9849367013284539,0.9848484848484849,0.9848770423262884,660.0
