,precision,recall,f1-score,support
0,0.9829351535836177,0.9896907216494846,0.9863013698630136,291.0
1,1.0,1.0,1.0,67.0
2,1.0,1.0,1.0,68.0
3,1.0,1.0,1.0,121.0
4,0.972972972972973,0.9557522123893806,0.9642857142857143,113.0
accuracy,0.9878787878787879,0.9878787878787879,0.9878787878787879,0.9878787878787879
macro avg,0.9911816253113181,0.989088586807773,0.9901174168297455,660.0
weighted avg,0.987848599452695,0.9878787878787879,0.9878454308248831,660.0
