,precision,recall,f1-score,support
0,0.9777777777777777,0.9871794871794872,0.9824561403508771,312.0
1,1.0,1.0,1.0,51.0
2,1.0,1.0,1.0,53.0
3,1.0,1.0,1.0,122.0
4,0.9663865546218487,0.9426229508196722,0.9543568464730291,122.0
accuracy,0.9833333333333333,0.9833333333333333,0.9833333333333333,0.9833333333333333
macro avg,0.9888328664799253,0.9859604875998318,0.9873625973647812,660.0
weighted avg,0.9832815550462609,0.9833333333333333,0.9832694713017928,660.0
