,precision,recall,f1-score,support
0,0.9809523809523809,0.9903846153846154,0.9856459330143541,312.0
1,1.0,1.0,1.0,51.0
2,1.0,1.0,1.0,53.0
3,1.0,1.0,1.0,122.0
4,0.9747899159663865,0.9508196721311475,0.9626556016597511,122.0
accuracy,0.9863636363636363,0.9863636363636363,0.9863636363636363,0.9863636363636363
macro avg,0.9911484593837535,0.9882408575031526,0.989660306934821,660.0
weighted avg,0.9863356251591545,0.9863636363636363,0.9863113856105576,660.0
