,precision,recall,f1-score,support
0,0.9968051118210862,0.9904761904761905,0.9936305732484076,315.0
1,1.0,1.0,1.0,63.0
2,1.0,1.0,1.0,54.0
3,1.0,1.0,1.0,117.0
4,0.9734513274336283,0.990990990990991,0.9821428571428571,111.0
accuracy,0.9939393939393939,0.9939393939393939,0.9939393939393939,0.9939393939393939
macro avg,0.9940512878509429,0.9962934362934363,0.9951546860782529,660.0
weighted avg,0.9940101629829924,0.9939393939393939,0.9939567995698568,660.0
