,precision,recall,f1-score,support
0,0.9930555555555556,0.9896193771626297,0.9913344887348353,289.0
1,1.0,1.0,1.0,49.0
2,1.0,1.0,1.0,73.0
3,1.0,1.0,1.0,133.0
4,0.9743589743589743,0.9827586206896551,0.9785407725321889,116.0
accuracy,0.9924242424242424,0.9924242424242424,0.9924242424242424,0.9924242424242424
macro avg,0.993482905982906,0.9944755995704571,0.9939750522534048,660.0
weighted avg,0.9924525705775705,0.9924242424242424,0.9924339346334868,660.0
