,precision,recall,f1-score,support
0,0.9795221843003413,0.9862542955326461,0.9828767123287672,291.0
1,1.0,1.0,1.0,67.0
2,1.0,1.0,1.0,68.0
3,1.0,1.0,1.0,121.0
4,0.963963963963964,0.9469026548672567,0.9553571428571429,113.0
accuracy,0.9848484848484849,0.9848484848484849,0.9848484848484849,0.9848484848484849
macro avg,0.9886972296528611,0.9866313900799806,0.987646771037182,660.0
weighted avg,0.9848013387262535,0.9848484848484849,0.9848067885311035,660.0
