,precision,recall,f1-score,support
0,0.9936305732484076,0.9904761904761905,0.9920508744038156,315.0
1,1.0,1.0,1.0,63.0
2,1.0,1.0,1.0,54.0
3,1.0,1.0,1.0,117.0
4,0.9732142857142857,0.9819819819819819,0.9775784753363229,111.0
accuracy,0.9924242424242424,0.9924242424242424,0.9924242424242424,0.9924242424242424
macro avg,0.9933689717925386,0.9944916344916346,0.9939258699480277,660.0
weighted avg,0.9924551761932334,0.9924242424242424,0.99243520636293,660.0
