,precision,recall,f1-score,support
0,0.9965156794425087,0.9761092150170648,0.9862068965517241,293.0
1,1.0,1.0,1.0,70.0
2,1.0,1.0,1.0,52.0
3,1.0,1.0,1.0,107.0
4,0.9513888888888888,0.9927536231884058,0.9716312056737588,138.0
accuracy,0.9878787878787879,0.9878787878787879,0.9878787878787879,0.9878787878787879
macro avg,0.9895809136662794,0.9937725676410942,0.9915676204450966,660.0
weighted avg,0.9882890314292754,0.9878787878787879,0.9879450410191422,660.0
