,precision,recall,f1-score,support
0,0.9862068965517241,0.9896193771626297,0.9879101899827288,289.0
1,1.0,1.0,1.0,49.0
2,1.0,1.0,1.0,73.0
3,1.0,1.0,1.0,133.0
4,0.9739130434782609,0.9655172413793104,0.9696969696969697,116.0
accuracy,0.9893939393939394,0.9893939393939394,0.9893939393939394,0.9893939393939394
macro avg,0.992023988005997,0.991027323708388,0.9915214319359397,660.0
weighted avg,0.989375312343828,0.9893939393939394,0.9893801414997835,660.0
