,precision,recall,f1-score,support
0,0.9931506849315068,0.9897610921501706,0.9914529914529915,293.0
1,1.0,1.0,1.0,70.0
2,1.0,1.0,1.0,52.0
3,1.0,1.0,1.0,107.0
4,0.9784172661870504,0.9855072463768116,0.9819494584837545,138.0
accuracy,0.9924242424242424,0.9924242424242424,0.9924242424242424,0.9924242424242424
macro avg,0.9943135902237115,0.9950536677053965,0.9946804899873491,660.0
weighted avg,0.9924465657859763,0.9924242424242424,0.9924314420704313,660.0
