,precision,recall,f1-score,support
0,0.9965397923875432,0.9965397923875432,0.9965397923875432,289.0
1,1.0,1.0,1.0,49.0
2,1.0,1.0,1.0,73.0
3,1.0,1.0,1.0,133.0
4,0.9913793103448276,0.9913793103448276,0.9913793103448276,116.0
accuracy,0.996969696969697,0.996969696969697,0.996969696969697,0.996969696969697
macro avg,0.9975838205464742,0.9975838205464742,0.9975838205464742,660.0
weighted avg,0.996969696969697,0.996969696969697,0.996969696969697,660.0
