,precision,recall,f1-score,support
0,0.9905362776025236,0.9968253968253968,0.9936708860759493,315.0
1,1.0,1.0,1.0,63.0
2,1.0,1.0,1.0,54.0
3,1.0,1.0,1.0,117.0
4,0.9908256880733946,0.972972972972973,0.9818181818181818,111.0
accuracy,0.9939393939393939,0.9939393939393939,0.9939393939393939,0.9939393939393939
macro avg,0.9962723931351837,0.9939596739596739,0.9950978135788262,660.0
weighted avg,0.9939402709408208,0.9939393939393939,0.9939214352965792,660.0
