,precision,recall,f1-score,support
0,0.9896907216494846,0.9896907216494846,0.9896907216494846,291.0
1,1.0,1.0,1.0,67.0
2,1.0,1.0,1.0,68.0
3,1.0,1.0,1.0,121.0
4,0.9734513274336283,0.9734513274336283,0.9734513274336283,113.0
accuracy,0.990909090909091,0.990909090909091,0.990909090909091,0.990909090909091
macro avg,0.9926284098166226,0.9926284098166226,0.9926284098166226,660.0
weighted avg,0.990909090909091,0.990909090909091,0.990909090909091,660.0
