,precision,recall,f1-score,support
0,0.9903536977491961,0.9871794871794872,0.9887640449438202,312.0
1,1.0,1.0,1.0,51.0
2,1.0,1.0,1.0,53.0
3,1.0,1.0,1.0,122.0
4,0.967479674796748,0.9754098360655737,0.9714285714285714,122.0
accuracy,0.9893939393939394,0.9893939393939394,0.9893939393939394,0.9893939393939394
macro avg,0.9915666745091889,0.9925178646490123,0.9920385232744783,660.0
weighted avg,0.9894285970044734,0.9893939393939394,0.9894070723284206,660.0
