{
  "domain": "2Nm",
  "mean_accuracy": 0.9281666666666666,
  "std_accuracy": 0.015468606200229497,
  "fold_accuracies": [
    0.9075,
    0.9491666666666667,
    0.9341666666666667,
    0.9133333333333333,
    0.9366666666666666
  ],
  "model_paths": [
    "../Models/domain_2Nm\\model_2Nm_fold_1.h5",
    "../Models/domain_2Nm\\model_2Nm_fold_2.h5",
    "../Models/domain_2Nm\\model_2Nm_fold_3.h5",
    "../Models/domain_2Nm\\model_2Nm_fold_4.h5",
    "../Models/domain_2Nm\\model_2Nm_fold_5.h5"
  ]
}