,precision,recall,f1-score,support
Normal,1.000000,1.000000,1.000000,101.000000
BPFI,1.000000,1.000000,1.000000,50.000000
BPFO,1.000000,1.000000,1.000000,152.000000
Misalign,0.000000,0.000000,0.000000,0.000000
Unbalance,0.000000,0.000000,0.000000,0.000000
Ball,1.000000,1.000000,1.000000,51.000000
accuracy,1.000000,1.000000,1.000000,1.000000
macro avg,0.666667,0.666667,0.666667,354.000000
weighted avg,1.000000,1.000000,1.000000,354.000000
