,precision,recall,f1-score,support
Normal,1.000000,0.998000,0.998999,1500.000000
BPFI,1.000000,1.000000,1.000000,300.000000
BPFO,1.000000,1.000000,1.000000,300.000000
Misalign,1.000000,1.000000,1.000000,600.000000
Unbalance,0.995025,1.000000,0.997506,600.000000
Ball,0.000000,0.000000,0.000000,0.000000
accuracy,0.999091,0.999091,0.999091,0.999091
macro avg,0.832504,0.833000,0.832751,3300.000000
weighted avg,0.999095,0.999091,0.999092,3300.000000
