,precision,recall,f1-score,support
Normal,1.000000,1.000000,1.000000,101.000000
BPFI,1.000000,0.960000,0.979592,50.000000
BPFO,1.000000,1.000000,1.000000,152.000000
Misalign,0.000000,0.000000,0.000000,0.000000
Unbalance,0.000000,0.000000,0.000000,0.000000
Ball,1.000000,0.372549,0.542857,51.000000
accuracy,0.903955,0.903955,0.903955,0.903955
macro avg,0.666667,0.555425,0.587075,354.000000
weighted avg,1.000000,0.903955,0.931258,354.000000
