{
  "target_domain": "2Nm",
  "accuracy": 0.8665,
  "classification_report": {
    "2Nm_Normal": {
      "precision": 0.6992110453648915,
      "recall": 0.5908333333333333,
      "f1-score": 0.6404697380307136,
      "support": 1200.0
    },
    "2Nm_BPFI_03": {
      "precision": 1.0,
      "recall": 1.0,
      "f1-score": 1.0,
      "support": 1200.0
    },
    "2Nm_BPFO_03": {
      "precision": 1.0,
      "recall": 1.0,
      "f1-score": 1.0,
      "support": 1200.0
    },
    "2Nm_Misalign_01": {
      "precision": 0.9941763727121464,
      "recall": 0.9958333333333333,
      "f1-score": 0.9950041631973355,
      "support": 1200.0
    },
    "2Nm_Unbalance_0583mg": {
      "precision": 0.6466763005780347,
      "recall": 0.7458333333333333,
      "f1-score": 0.6927244582043344,
      "support": 1200.0
    },
    "accuracy": 0.8665,
    "macro avg": {
      "precision": 0.8680127437310144,
      "recall": 0.8665,
      "f1-score": 0.8656396718864766,
      "support": 6000.0
    },
    "weighted avg": {
      "precision": 0.8680127437310144,
      "recall": 0.8665,
      "f1-score": 0.8656396718864766,
      "support": 6000.0
    }
  }
}