,precision,recall,f1-score,support
Normal,1.000000,1.000000,1.000000,101.000000
BPFI,1.000000,0.960000,0.979592,50.000000
BPFO,1.000000,1.000000,1.000000,152.000000
Misalign,0.000000,0.000000,0.000000,0.000000
Unbalance,0.000000,0.000000,0.000000,0.000000
Ball,1.000000,0.333333,0.500000,51.000000
accuracy,0.898305,0.898305,0.898305,0.898305
macro avg,0.666667,0.548889,0.579932,354.000000
weighted avg,1.000000,0.898305,0.925084,354.000000
