{
  "domain": "0Nm",
  "mean_accuracy": 0.9903333333333333,
  "std_accuracy": 0.003009245014211306,
  "fold_accuracies": [
    0.9891666666666666,
    0.9866666666666667,
    0.995,
    0.9883333333333333,
    0.9925
  ],
  "model_paths": [
    "../Models/domain_0Nm\\model_0Nm_fold_1.h5",
    "../Models/domain_0Nm\\model_0Nm_fold_2.h5",
    "../Models/domain_0Nm\\model_0Nm_fold_3.h5",
    "../Models/domain_0Nm\\model_0Nm_fold_4.h5",
    "../Models/domain_0Nm\\model_0Nm_fold_5.h5"
  ]
}