{
  "model_type": "multi_domain",
  "total_classes": 15,
  "mean_accuracy": 0.9692777777777778,
  "std_accuracy": 0.004008478668343886,
  "fold_accuracies": [
    0.9730555555555556,
    0.9675,
    0.9672222222222222,
    0.9747222222222223,
    0.9638888888888889
  ],
  "model_paths": [
    "../Models/multi_domain\\multi_domain_model_fold_1.h5",
    "../Models/multi_domain\\multi_domain_model_fold_2.h5",
    "../Models/multi_domain\\multi_domain_model_fold_3.h5",
    "../Models/multi_domain\\multi_domain_model_fold_4.h5",
    "../Models/multi_domain\\multi_domain_model_fold_5.h5"
  ],
  "domain_performance": {
    "0Nm": {
      "mean_f1": 0.9816882173535209,
      "std_f1": 0.004180550003195951,
      "classes": [
        "0Nm_Normal",
        "0Nm_BPFI_03",
        "0Nm_BPFO_03",
        "0Nm_Misalign_01",
        "0Nm_Unbalance_0583mg"
      ]
    },
    "2Nm": {
      "mean_f1": 0.9364528779101503,
      "std_f1": 0.011904016836847347,
      "classes": [
        "2Nm_Normal",
        "2Nm_BPFI_03",
        "2Nm_BPFO_03",
        "2Nm_Misalign_01",
        "2Nm_Unbalance_0583mg"
      ]
    },
    "4Nm": {
      "mean_f1": 0.9891261689041828,
      "std_f1": 0.007169177317112559,
      "classes": [
        "4Nm_Normal",
        "4Nm_BPFI_03",
        "4Nm_BPFO_03",
        "4Nm_Misalign_01",
        "4Nm_Unbalance_0583mg"
      ]
    }
  }
}